Date,Details,Amount,Currency,Debit/Credit,Status
12 Sep 2025,Card Payment Received,"15,240.55",AED,Credit,SETTLED
03 Jul 2025,CARREFOUR UAE,312.40,AED,Debit,SETTLED
21 Aug 2025,DU TELECOM,289.00,AED,Debit,SETTLED
15 Jun 2025,CAREEM RIDE,47.50,AED,Debit,SETTLED
27 May 2025,TALABAT AE,86.25,AED,Debit,SETTLED
09 Apr 2025,Card Payment Received,"7,815.90",AED,Credit,SETTLED
30 Jul 2025,DEWA UTILITIES,"1,142.73",AED,Debit,SETTLED
18 Sep 2025,SHARAF DG,"2,399.00",AED,Debit,SETTLED
05 Aug 2025,SPOTIFY,21.99,AED,Debit,SETTLED
22 Apr 2025,EMIRATES NBD FEE,15.75,AED,Debit,SETTLED
11 Jun 2025,Card Payment Received,"11,030.18",AED,Credit,SETTLED
29 Jun 2025,EMIRATES AIRLINE,"3,845.60",AED,Debit,SETTLED
14 May 2025,CHOITHRAMS,198.35,AED,Debit,SETTLED
02 Sep 2025,NOON.COM,675.20,AED,Debit,SETTLED
19 Jul 2025,Card Payment Received,"5,460.00",AED,Credit,REVERSED
07 Apr 2025,AMAZON AE,143.89,AED,Debit,SETTLED
25 Jun 2025,JUMEIRAH BEACH HOTEL,"1,780.45",AED,Debit,SETTLED
16 Aug 2025,CAREEM FOOD,64.10,AED,Debit,SETTLED
08 May 2025,Card Payment Received,"9,275.34",AED,Credit,SETTLED
23 Sep 2025,NETFLIX.COM,45.00,AED,Debit,SETTLED
31 Jul 2025,CARREFOUR UAE,421.65,AED,Debit,SETTLED
13 Apr 2025,ENOC FUEL,120.00,AED,Debit,SETTLED
26 Aug 2025,Card Payment Received,"13,902.71",AED,Credit,SETTLED
04 Jun 2025,AIR ARABIA,"1,265.30",AED,Debit,SETTLED
17 May 2025,LULU HYPERMARKET,267.80,AED,Debit,SETTLED
10 Sep 2025,ZOMATO AE,92.45,AED,Debit,SETTLED
01 Jul 2025,APPLE.COM BILL,29.99,AED,Debit,SETTLED
20 Apr 2025,Card Payment Received,"4,318.62",AED,Credit,SETTLED
28 May 2025,EMIRATES INSURANCE,"1,050.00",AED,Debit,SETTLED
12 Aug 2025,UBER AE,58.30,AED,Debit,SETTLED
06 Jun 2025,SPINNEYS AE,184.92,AED,Debit,SETTLED
24 Jul 2025,Card Payment Received,"17,640.08",AED,Credit,SETTLED
15 Sep 2025,BOOKING.COM,"2,115.75",AED,Debit,SETTLED
02 May 2025,TALABAT AE,73.60,AED,Debit,SETTLED
09 Aug 2025,EMIRATES NBD FEE,15.75,AED,Debit,SETTLED
27 Apr 2025,AMAZON AE,356.18,AED,Debit,SETTLED
19 Jun 2025,Card Payment Received,"6,725.49",AED,Credit,SETTLED
13 Jul 2025,ENOC FUEL,135.50,AED,Debit,SETTLED
21 May 2025,DU TELECOM,289.00,AED,Debit,SETTLED
30 Aug 2025,SHARAF DG,849.00,AED,Debit,PENDING
05 Sep 2025,Card Payment Received,"10,188.27",AED,Credit,SETTLED
11 Apr 2025,CHOITHRAMS,241.15,AED,Debit,SETTLED
22 Jun 2025,NOON.COM,529.90,AED,Debit,SETTLED
03 Aug 2025,DEWA UTILITIES,987.40,AED,Debit,SETTLED
16 Jul 2025,CAREEM RIDE,39.00,AED,Debit,SETTLED
08 Jun 2025,Card Payment Received,"2,950.00",AED,Credit,SETTLED
26 May 2025,SPOTIFY,21.99,AED,Debit,SETTLED
14 Sep 2025,LULU HYPERMARKET,338.25,AED,Debit,SETTLED
18 Apr 2025,JUMEIRAH BEACH HOTEL,"1,420.00",AED,Debit,SETTLED